{"initial_reset_timestamp": 1543510427.514657, "timestamps": [1543510427.5321233, 1543510427.5450997, 1543510427.5575762, 1543510427.5695539, 1543510427.581533, 1543510427.594009, 1543510427.6064858, 1543510427.618463, 1543510427.63094, 1543510427.6434171, 1543510427.655894, 1543510427.6683717], "episode_lengths": [1001, 1001, 1001, 1001, 1001, 1001, 1001, 1001, 1001, 1001, 1001, 1001], "episode_rewards": [-2.0010000000000003, -2.0010000000000003, -2.0010000000000003, -2.0010000000000003, -2.0010000000000003, -2.0010000000000003, -2.0010000000000003, -2.0010000000000003, -2.0010000000000003, -2.0010000000000003, -2.0010000000000003, -2.0010000000000003], "episode_types": ["t", "t", "t", "t", "t", "t", "t", "t", "t", "t", "t", "t"]}