{"initial_reset_timestamp": 1545108630.650292, "timestamps": [1545108633.489377, 1545108635.262434, 1545108636.899095, 1545108638.4861188, 1545108640.0414011, 1545108642.0783648, 1545108644.0854158, 1545108645.3560588, 1545108646.959976, 1545108648.731411, 1545108650.0182028, 1545108651.7220638, 1545108653.2424262, 1545108654.66329, 1545108656.10197, 1545108657.2710872, 1545108658.506489, 1545108660.2468648, 1545108661.816229, 1545108663.322749, 1545108665.360427, 1545108667.2648408, 1545108668.970429, 1545108670.239566, 1545108671.9441102, 1545108673.179602, 1545108675.0002408, 1545108676.706864, 1545108678.2092988, 1545108679.948131, 1545108681.354002, 1545108682.373596, 1545108683.507236, 1545108684.6940138, 1545108686.38205, 1545108688.2031202, 1545108689.374197, 1545108691.112074, 1545108692.398485, 1545108694.655843, 1545108696.509707, 1545108698.26577, 1545108699.199632, 1545108700.470882, 1545108701.775681, 1545108703.461528, 1545108704.647545, 1545108706.487363, 1545108708.860657, 1545108710.013133, 1545108711.167142, 1545108712.537417, 1545108714.474708, 1545108716.146892, 1545108718.017664, 1545108719.253851, 1545108720.724571, 1545108722.396915, 1545108724.0512278, 1545108725.973493, 1545108727.943669, 1545108728.9634402, 1545108730.686229, 1545108732.089456, 1545108733.878709, 1545108735.867435, 1545108737.2709289, 1545108738.80647, 1545108740.546311, 1545108741.917008, 1545108743.017401, 1545108744.205398, 1545108746.176521, 1545108747.833065, 1545108749.283843, 1545108750.490431, 1545108752.226253, 1545108754.398536, 1545108756.003527, 1545108757.356556, 1545108758.6100018, 1545108759.948176, 1545108761.835776, 1545108763.357933, 1545108764.476615, 1545108765.6452842, 1545108767.618368, 1545108768.954926, 1545108770.507956, 1545108772.465569, 1545108774.084734, 1545108775.120961, 1545108776.526483, 1545108777.695832, 1545108778.966364, 1545108780.571146, 1545108781.9742389, 1545108783.527606, 1545108786.035465, 1545108787.621331, 1545108788.8244789, 1545108790.4299011, 1545108791.4330409, 1545108792.903271, 1545108793.9388218, 1545108795.761496, 1545108797.047092, 1545108798.3027, 1545108800.072336, 1545108801.794046, 1545108803.2319171, 1545108805.069802, 1545108807.02554, 1545108808.511728, 1545108810.184235, 1545108811.586176, 1545108813.45753, 1545108815.0615838, 1545108817.0513039, 1545108818.3544042, 1545108820.610216, 1545108822.8337998, 1545108824.119571, 1545108825.7258198, 1545108827.245517, 1545108829.099457, 1545108830.52079, 1545108832.210028, 1545108833.545588, 1545108835.934746, 1545108837.375008, 1545108839.076254, 1545108840.230496, 1545108841.634921, 1545108843.322641, 1545108844.910081, 1545108846.8656268, 1545108848.83631, 1545108850.440432, 1545108852.128302, 1545108853.651366, 1545108855.6386712, 1545108856.97723, 1545108858.832182, 1545108860.501292, 1545108861.921283, 1545108863.108945, 1545108864.345139, 1545108865.5488598, 1545108867.586283, 1545108869.72804, 1545108871.4466949, 1545108873.235997, 1545108875.075883, 1545108877.8832572, 1545108879.001961, 1545108880.440119, 1545108881.509686, 1545108882.911608, 1545108884.300673, 1545108885.5419378, 1545108886.674507, 1545108887.271266, 1545108888.3540921, 1545108889.213535, 1545108889.790587, 1545108890.242975, 1545108890.855455, 1545108891.470732, 1545108892.128831, 1545108892.978018, 1545108893.388741, 1545108894.0356328, 1545108894.406415, 1545108895.329451, 1545108896.008055, 1545108896.644331, 1545108897.285655, 1545108897.750456, 1545108898.362127, 1545108899.0496268, 1545108899.766656, 1545108900.6319091, 1545108901.07828, 1545108901.702668, 1545108901.9407701, 1545108902.407556, 1545108902.837652, 1545108903.7948182, 1545108904.209261, 1545110106.970268, 1545110107.727936, 1545110108.278801, 1545110109.055565, 1545110109.710561, 1545110110.310706, 1545110110.906889, 1545110111.588615, 1545110112.0351691, 1545110112.713956, 1545110113.16781, 1545110113.783541, 1545110114.436464, 1545110115.130434, 1545110115.541239, 1545110116.298122, 1545110116.9459221, 1545110117.813997, 1545110118.27085, 1545110118.93217, 1545110119.4196281, 1545110120.2994401, 1545110121.211678, 1545110121.620471, 1545110122.327326, 1545110123.2297869, 1545110124.0123541, 1545110124.593357, 1545110125.314618, 1545110125.728158, 1545110126.653885, 1545110127.247589, 1545110127.967202, 1545110128.391863, 1545110129.097853, 1545110129.7744849, 1545110130.4435961, 1545110130.9543831, 1545110131.5427132, 1545110132.278466, 1545110133.014556, 1545110133.705964, 1545110134.373802, 1545110135.1890602, 1545110135.58739, 1545110136.059089, 1545110136.5809941, 1545110137.206474, 1545110137.6523662, 1545110138.419888, 1545110139.2558138, 1545110139.7548108, 1545110149.112098, 1545110149.572481, 1545110150.193779, 1545110150.9932082, 1545110151.851464, 1545110152.2866392, 1545110153.1534789, 1545110153.664373, 1545110154.277917, 1545110154.850951, 1545110155.240293, 1545110155.933019, 1545110156.612739, 1545110157.4305348, 1545110157.834796, 1545110158.236224, 1545110158.884728, 1545110159.927809, 1545110161.1601338, 1545110162.9456708, 1545110164.2179468, 1545110166.065407, 1545110167.693613, 1545110169.515753, 1545110170.6082098, 1545114374.0493891, 1545114374.871433, 1545114375.461121, 1545114376.010347, 1545114376.394649, 1545114377.211204, 1545114377.953014, 1545114378.433263, 1545114379.2594671, 1545114380.214239, 1545114380.738627, 1545114381.720533, 1545114382.3187258, 1545114382.887373, 1545114383.258432, 1545114384.4167511, 1545114385.823358, 1545114387.353708, 1545114389.2211578, 1545114390.249026, 1545114391.546983, 1545114392.440088, 1545114393.475307, 1545114394.431345, 1545123148.123877, 1545123149.004079, 1545123149.883722, 1545123151.052417, 1545123151.824564, 1545123152.484782, 1545123152.9655948, 1545123153.706916, 1545123155.920193, 1545123157.323769, 1545123158.7780101, 1545123160.6623611, 1545123161.238431, 1545123161.833824, 1545123162.258188, 1545123163.3711748, 1545123164.6921542, 1545123165.761707, 1545123167.786099, 1545123169.207552, 1545123170.2660851, 1545123171.1865401, 1545123171.687686, 1545123172.603722, 1545123173.2112331, 1545123173.8438919, 1545123174.533961, 1545123175.3981729, 1545123176.058445, 1545123176.6422908, 1545123177.1124952, 1545123177.831863, 1545123178.476737, 1545123179.22753, 1545123179.872468, 1545123180.540289, 1545123181.565808, 1545123181.9875689, 1545123182.8658931, 1545123183.3587341, 1545123183.8875709, 1545123184.696146, 1545123185.413086], "episode_lengths": [98, 105, 97, 94, 92, 121, 119, 75, 95, 105, 76, 101, 90, 84, 85, 69, 73, 103, 93, 89, 121, 113, 101, 75, 101, 73, 108, 101, 89, 103, 83, 60, 67, 70, 100, 108, 69, 103, 76, 134, 110, 104, 55, 75, 77, 100, 70, 109, 141, 68, 68, 81, 115, 99, 111, 73, 87, 99, 98, 114, 117, 60, 102, 83, 106, 118, 83, 91, 103, 81, 65, 70, 117, 98, 86, 71, 103, 129, 95, 80, 74, 79, 112, 90, 66, 69, 117, 79, 92, 116, 96, 61, 83, 69, 75, 95, 83, 92, 149, 94, 71, 95, 59, 87, 61, 108, 76, 74, 105, 102, 85, 109, 116, 88, 99, 83, 111, 95, 118, 77, 134, 132, 76, 95, 90, 110, 84, 100, 79, 142, 85, 101, 68, 83, 100, 94, 116, 117, 95, 100, 90, 118, 79, 110, 99, 84, 70, 73, 71, 121, 127, 102, 106, 109, 167, 66, 85, 63, 83, 82, 73, 108, 83, 153, 114, 84, 68, 99, 89, 94, 125, 58, 87, 55, 127, 99, 90, 95, 69, 89, 98, 101, 122, 64, 91, 99, 66, 66, 138, 56, 116, 86, 73, 125, 104, 93, 86, 108, 66, 98, 70, 93, 95, 102, 60, 110, 96, 124, 68, 97, 69, 127, 131, 63, 104, 98, 108, 87, 101, 61, 133, 82, 103, 62, 100, 96, 99, 70, 83, 102, 107, 97, 100, 117, 60, 67, 74, 97, 65, 112, 117, 71, 97, 72, 88, 107, 127, 68, 131, 73, 90, 83, 60, 105, 100, 124, 61, 61, 83, 68, 86, 118, 87, 126, 111, 127, 77, 77, 123, 89, 85, 55, 121, 116, 76, 125, 107, 74, 153, 88, 90, 60, 86, 98, 98, 128, 73, 89, 63, 71, 69, 128, 76, 96, 108, 104, 106, 79, 85, 131, 83, 85, 112, 73, 87, 59, 99, 78, 63, 120, 86, 138, 122, 63, 120, 86, 91, 99, 110, 99, 84, 71, 101, 94, 110, 95, 94, 138, 62, 118, 75, 74, 114, 110],