{"initial_reset_timestamp": 1544978176.2348092, "timestamps": [1544978179.408375, 1544978181.6135309, 1544978183.553113, 1544978184.5535932, 1544978186.326645, 1544978187.730011, 1544978189.8178718, 1544978191.122072, 1544978192.374687, 1544978193.577796, 1544978195.6027079, 1544978196.820849, 1544978198.8309739, 1544978199.769922, 1544978200.7131908, 1544978201.160374, 1544978202.002767, 1544978202.413623, 1544978202.835378, 1544978203.6072419, 1544978204.175721, 1544978204.6668952, 1544978205.1733649, 1544978205.768578, 1544978206.451052, 1544978207.118887, 1544978207.604764, 1544978208.331863, 1544978209.396117, 1544978210.109774, 1544978210.4795258, 1544978211.361334, 1544978211.906403, 1544978212.7931561, 1544978213.218074, 1544978214.358324, 1544978215.453444, 1544978217.477474, 1544978219.3318348], "episode_lengths": [94, 129, 115, 59, 105, 83, 124, 77, 74, 71, 120, 72, 116, 77, 108, 59, 120, 58, 61, 108, 84, 63, 75, 80, 101, 96, 63, 74, 120, 102, 58, 106, 62, 111, 60, 119, 62, 120, 110], "episode_rewards": [-102.13227819636579, -123.05854187861011, -92.38215326709671, -67.75192041486045, 2.6036177776301486, -164.22148320693935, -188.58722372221104, -215.85426963919167, -76.88412727593237, -134.9761582021212, -227.6416310268705, -103.95342091388481, -77.44393318220865, -339.47932217518144, -150.44125027149656, -122.56630596542203, -116.9732843514541, -121.62159941520628, -75.5057775674309, -328.5295647815018, -113.03349447555092, -151.80936916673977, -136.8052799246119, -100.86244046344805, -129.378513468675, 26.118521392738543, -102.20736702071369, -424.17595753535704, -134.5476551227468, -126.87368249546417, -98.60359032366043, -195.7971872060032, -216.07499627144102, -134.24535427869745, -110.99529943114892, -145.31410636245425, -75.51903982076485, -40.49668119512431, -261.71967218590817], "episode_types": ["t", "t", "t", "t", "t", "t", "t", "t", "t", "t", "t", "t", "t", "t", "t", "t", "t", "t", "t", "t", "t", "t", "t", "t", "t", "t", "t", "t", "t", "t", "t", "t", "t", "t", "t", "t", "t", "t", "t", "t"]}