{"initial_reset_timestamp": 1545032001.6479921, "timestamps": [1545032004.863055], "episode_lengths": [109], "episode_rewards": [-138.75461896579736], "episode_types": ["t"]}