{"initial_reset_timestamp": 1544957088.2727702, "timestamps": [1544957089.94629, 1544957090.146212, 1544957090.363094, 1544957090.5655491, 1544957090.714325, 1544957090.914797, 1544957091.0974998, 1544957091.2652779, 1544957091.4337862, 1544957091.599199, 1544957091.783929, 1544957091.984697, 1544957092.135982, 1544957092.302704, 1544957092.488318, 1544957092.635625, 1544957092.818933, 1544957092.971133, 1544957093.1377542, 1544957093.320291, 1544957093.472172, 1544957093.640895, 1544957093.804758, 1544957093.9908211, 1544957094.1564531, 1544957094.340587, 1544957094.523906, 1544957094.691345, 1544957094.857874, 1544957095.0447161, 1544957095.227913, 1544957095.393578, 1544957095.5612512, 1544957095.726523], "episode_lengths": [11, 11, 12, 11, 8, 11, 10, 9, 9, 9, 10, 11, 8, 9, 10, 8, 10, 8, 9, 10, 8, 9, 9, 10, 9, 10, 10, 8, 9, 10, 10, 9, 9, 9], "episode_rewards": [11.0, 11.0, 12.0, 11.0, 8.0, 11.0, 10.0, 9.0, 9.0, 9.0, 10.0, 11.0, 8.0, 9.0, 10.0, 8.0, 10.0, 8.0, 9.0, 10.0, 8.0, 9.0, 9.0, 10.0, 9.0, 10.0, 10.0, 8.0, 9.0, 10.0, 10.0, 9.0, 9.0, 9.0], "episode_types": ["t", "t", "t", "t", "t", "t", "t", "t", "t", "t", "t", "t", "t", "t", "t", "t", "t", "t", "t", "t", "t", "t", "t", "t", "t", "t", "t", "t", "t", "t", "t", "t", "t", "t", "t"]}