{"initial_reset_timestamp": 1544835556.579273, "timestamps": [1544835557.84788, 1544835558.046676, 1544835558.2476952, 1544835558.514483, 1544835558.7488031, 1544835558.915861, 1544835559.1325, 1544835559.300443, 1544835559.467403, 1544835559.6346529, 1544835559.7844229, 1544835559.984923, 1544835560.1354618, 1544835560.303095, 1544835560.486858, 1544835560.6374688, 1544835560.820958, 1544835560.97118, 1544835561.138592, 1544835561.322759, 1544835561.4733691, 1544835561.6401489, 1544835561.806981, 1544835561.9909708, 1544835562.1585221, 1544835562.341554, 1544835562.525831, 1544835562.676102, 1544835562.8434188, 1544835563.027358, 1544835563.210411, 1544835563.378242, 1544835563.545516, 1544835563.712183], "episode_lengths": [12, 10, 11, 15, 13, 9, 11, 9, 9, 9, 8, 11, 8, 9, 10, 8, 10, 8, 9, 10, 8, 9, 9, 10, 9, 10, 10, 8, 9, 10, 10, 9, 9, 9], "episode_rewards": [12.0, 10.0, 11.0, 15.0, 13.0, 9.0, 11.0, 9.0, 9.0, 9.0, 8.0, 11.0, 8.0, 9.0, 10.0, 8.0, 10.0, 8.0, 9.0, 10.0, 8.0, 9.0, 9.0, 10.0, 9.0, 10.0, 10.0, 8.0, 9.0, 10.0, 10.0, 9.0, 9.0, 9.0], "episode_types": ["t", "t", "t", "t", "t", "t", "t", "t", "t", "t", "t", "t", "t", "t", "t", "t", "t", "t", "t", "t", "t", "t", "t", "t", "t", "t", "t", "t", "t", "t", "t", "t", "t", "t", "t"]}