{"initial_reset_timestamp": 1543510708.6631258, "timestamps": [1543510708.710039, 1543510708.7564516, 1543510708.8118336, 1543510708.857745, 1543510708.904162, 1543510708.953072, 1543510709.0159512, 1543510709.0703495, 1543510709.1252494, 1543510709.171163, 1543510709.2180753, 1543510709.2639933], "episode_lengths": [1001, 1001, 1001, 1001, 1001, 1001, 1001, 1001, 1001, 1001, 1001, 1001], "episode_rewards": [-1.0000000000000007, -1.0000000000000007, -1.0000000000000007, -1.0000000000000007, -1.0000000000000007, -1.0000000000000007, -1.0000000000000007, -1.0000000000000007, -1.0000000000000007, -1.0000000000000007, -1.0000000000000007, -1.0000000000000007], "episode_types": ["t", "t", "t", "t", "t", "t", "t", "t", "t", "t", "t", "t"]}