{"initial_reset_timestamp": 1543364426.689045, "timestamps": [1543364426.789471, 1543364426.891784, 1543364426.9890208, 1543364427.094047, 1543364427.1966872, 1543364427.298377, 1543364427.40067, 1543364427.497973, 1543364427.595762, 1543364427.697713, 1543364427.7982621, 1543364427.921291, 1543364428.0228071, 1543364428.125034, 1543364428.229368, 1543364428.340638, 1543364428.4435341, 1543364428.548167, 1543364428.653492, 1543364428.767139, 1543364428.8811572, 1543364428.981499, 1543364429.085066, 1543364429.195541, 1543364429.2974179, 1543364429.399498, 1543364429.5042849, 1543364429.602571, 1543364429.703491, 1543364429.802901, 1543364429.908177, 1543364430.0049448, 1543364430.103787, 1543364430.214186, 1543364430.3151948, 1543364430.419594, 1543364430.523682, 1543364430.6258738, 1543364430.735414, 1543364430.832143, 1543364430.941493, 1543364431.0403872, 1543364431.140463, 1543364431.2431428, 1543364431.344646, 1543364431.444417, 1543364431.540514, 1543364431.6412811, 1543364431.740628, 1543364431.83652, 1543364431.9389172, 1543364432.036591, 1543364432.135828, 1543364432.236748, 1543364432.336355, 1543364432.4405031, 1543364432.5374131, 1543364432.632709, 1543364432.730775, 1543364432.8280709, 1543364432.9341362, 1543364433.030185, 1543364433.135117, 1543364433.2473888, 1543364433.3493571, 1543364433.452353, 1543364433.559835, 1543364433.660498, 1543364433.769583, 1543364433.883926, 1543364433.9951339, 1543364434.0930471, 1543364434.189543, 1543364434.287007, 1543364434.3958101, 1543364434.499585, 1543364434.599879, 1543364434.709218, 1543364434.811998, 1543364434.92848, 1543364435.039445, 1543364435.149527, 1543364435.2520242, 1543364435.359412, 1543364435.46277, 1543364435.58227, 1543364435.7497091, 1543364436.003388, 1543364436.106705, 1543364436.2122612, 1543364436.315537, 1543364436.4160042, 1543364436.527951, 1543364436.635936, 1543364436.747355, 1543364436.851191, 1543364436.966351, 1543364437.1091998, 1543364437.580375, 1543364437.940727], "episode_lengths": [1001, 1001, 1001, 1001, 1001, 1001, 1001, 1001, 1001, 1001, 1001, 1001, 1001, 1001, 1001, 1001, 1001, 1001, 1001, 1001, 1001, 1001, 1001, 1001, 1001, 1001, 1001, 1001, 1001, 1001, 1001, 1001, 1001, 1001, 1001, 1001, 1001, 1001, 1001, 1001, 1001, 1001, 1001, 1001, 1001, 1001, 1001, 1001, 1001, 1001, 1001, 1001, 1001, 1001, 1001, 1001, 1001, 1001, 1001, 1001, 1001, 1001, 1001, 1001, 1001, 1001, 1001, 1001, 1001, 1001, 1001, 1001, 1001, 1001, 1001, 1001, 1001, 1001, 1001, 1001, 1001, 1001, 1001, 1001, 1001, 1001, 1001, 1001, 1001, 1001, 1001, 1001, 1001, 1001, 1001, 1001, 1001, 1001, 1001, 1001], "episode_rewards": [-2.0010000000000003, -2.0010000000000003, -2.0010000000000003, -2.0010000000000003, -2.0010000000000003, -2.0010000000000003, -2.0010000000000003, -2.0010000000000003, -2.0010000000000003, -2.0010000000000003, -2.0010000000000003, -2.0010000000000003, -2.0010000000000003, -2.0010000000000003, -2.0010000000000003, -2.0010000000000003, -2.0010000000000003, -2.0010000000000003, -2.0010000000000003, -2.0010000000000003, -2.0010000000000003, -2.0010000000000003, -2.0010000000000003, -2.0010000000000003, -2.0010000000000003, -2.0010000000000003, -2.0010000000000003, -2.0010000000000003, -2.0010000000000003, -2.0010000000000003, -2.0010000000000003, -2.0010000000000003, -2.0010000000000003, -2.0010000000000003, -2.0010000000000003, -2.0010000000000003, -2.0010000000000003, -2.0010000000000003, -2.0010000000000003, -2.0010000000000003, -2.0010000000000003, -2.0010000000000003, -2.0010000000000003, -2.0010000000000003, -2.0010000000000003, -2.0010000000000003, -2.0010000000000003, -2.0010000000000003, -2.0010000000000003, -2.0010000000000003, -2.0010000000000003, -2.0010000000000003, -2.0010000000000003, -2.0010000000000003, -2.0010000000000003, -2.0010000000000003, -2.0010000000000003, -2.0010000000000003, -2.0010000000000003, -2.0010000000000003, -2.0010000000000003, -2.0010000000000003, -2.0010000000000003, -2.0010000000000003, -2.0010000000000003, -2.0010000000000003, -2.0010000000000003, -2.0010000000000003, -2.0010000000000003, -2.0010000000000003, -2.0010000000000003, -2.0010000000000003, -2.0010000000000003, -2.0010000000000003, -2.0010000000000003, -2.0010000000000003, -2.0010000000000003, -2.0010000000000003, -2.0010000000000003, -2.0010000000000003, -2.0010000000000003, -2.0010000000000003, -2.0010000000000003, -2.0010000000000003, -2.0010000000000003, -2.0010000000000003, -2.0010000000000003, -2.0010000000000003, -2.0010000000000003, -2.0010000000000003, -2.0010000000000003, -2.0010000000000003, -2.0010000000000003, -2.0010000000000003, -2.0010000000000003, -2.0010000000000003, -2.0010000000000003, -2.0010000000000003, -2.0010000000000003, -2.0010000000000003], "episode_types": ["t", "t", "t", "t", "t", "t", "t", "t", "t", "t", "t", "t", "t", "t", "t", "t", "t", "t", "t", "t", "t", "t", "t", "t", "t", "t", "t", "t", "t", "t", "t", "t", "t", "t", "t", "t", "t", "t", "t", "t", "t", "t", "t", "t", "t", "t", "t", "t", "t", "t", "t", "t", "t", "t", "t", "t", "t", "t", "t", "t", "t", "t", "t", "t", "t", "t", "t", "t", "t", "t", "t", "t", "t", "t", "t", "t", "t", "t", "t", "t", "t", "t", "t", "t", "t", "t", "t", "t", "t", "t", "t", "t", "t", "t", "t", "t", "t", "t", "t", "t", "t"]}